<?xml version="1.0" encoding="UTF-8"?>

<component name="MainScene" extends="BaseScene" xmlns:xsi="http://www.w3.org/2001/XMLSchema-instance" xsi:noNamespaceSchemaLocation="https://devtools.web.roku.com/schema/RokuSceneGraph.xsd">
    <script type="text/brightscript" uri="MainScene.brs" />
    <script type="text/brightscript" uri="WelcomeScreenLogic.brs" />
    <script type="text/brightscript" uri="StoreScreenLogic.brs" />
    <script type="text/brightscript" uri="DeepLinkingLogic.brs" />
    <script type="text/brightscript" uri="../source/rsg_utils.brs" />
     <interface>
        <field id="response" type="assocarray" />
        <field id="RSG_analytics" type="node" />
        <field id="event" type="string" />
        <function name="HandleError" />
    </interface>
</component>
