<result xmlns="http://api.roku.com/order" xmlns:i="http://www.w3.org/2001/XMLSchema-instance">

    <errorCode i:nil="true" xmlns=""/>
    <errorDetails i:nil="true" xmlns=""/>
    <errorMessage xmlns=""/>
    <status xmlns="">Success</status>
    <order>
        <id xmlns="">6150b008-c494-4b15-9afe-ab6e5563e16a</id>
        <items xmlns="">
            <orderItem>
                <amount>$3.99</amount>
                <code>S399M1706</code>
                <description i:nil="true"/>
                <name>Monthly Subscribtion</name>
                <purchaseId>98034275ryhuwdg9348yrhpfuh4398p7rwyfh9p732qrfgp983gwfeigu</purchaseId>
                <qty>1</qty>
                <total>$3.99</total>
            </orderItem>
        </items>
        <shipping xmlns="">$0.00</shipping>
        <shippingCode i:nil="true" xmlns=""/>
        <shippingOptions i:nil="true" xmlns=""/>
        <subtotal xmlns="">$3.99</subtotal>
        <tax xmlns="">$0.00</tax>
        <total xmlns="">$3.99</total>
    </order>
</result>
